<!DOCTYPE tiles-definitions PUBLIC 
	"-//Apache Software Foundation//DTD Tiles Configuration 1.1//EN" 
	"webapp/WEB-INF/tiles-config_1_1.dtd"> 

<tiles-definitions>	
	<!--  Tunnel Wizard --> 
	<definition name=".site.TunnelWizardPage" extends=".site.Layout">
		<put name="resourcePrefix" value="tunnelWizard"/>
		<put name="resourceBundle" value="tunnels"/>
		<put name="content" value="/WEB-INF/jsp/tiles/wizardPage.jspf"/>
		<put name="infoImage" value="clientNetwork.gif"/>
		<put name="rssFeed" value="sslTunnelsWizard"/>
	</definition>	

	<!--  Tunnels -->
	<definition name=".site.UserTunnels" extends=".site.Layout">
		<put name="content" value="/WEB-INF/jsp/content/tunnels/userTunnelsContent.jspf"/>
		<put name="resourcePrefix" value="userTunnels"/>
		<put name="resourceBundle" value="tunnels"/>
		<put name="menuItem" value="userTunnels"/>
		<put name="infoImage" value="clientNetwork.gif"/>
	</definition>
	
	<definition name=".site.Tunnels" extends=".site.Layout">
		<put name="content" value="/WEB-INF/jsp/content/tunnels/tunnelsContent.jspf"/>
		<put name="resourcePrefix" value="tunnels"/>
		<put name="resourceBundle" value="tunnels"/>
		<put name="menuItem" value="tunnels"/>
		<put name="infoImage" value="clientNetwork.gif"/>
		<put name="rssFeed" value="sslTunnels"/>
	</definition>
	
	<definition name=".site.EditTunnel" extends=".site.Layout">
		<put name="content" value="/WEB-INF/jsp/content/tunnels/tunnelContent.jspf"/>
		<put name="resourcePrefix" value="editTunnel"/>
		<put name="resourceBundle" value="tunnels"/>
		<put name="menuItem" value="tunnel"/>
		<put name="infoImage" value="clientNetwork.gif"/>
		<put name="rssFeed" value="editTunnel"/>
	</definition>
	
	<definition name=".site.UserEditTunnel" extends=".site.Layout">
		<put name="content" value="/WEB-INF/jsp/content/tunnels/userTunnelContent.jspf"/>
		<put name="resourcePrefix" value="editTunnel"/>
		<put name="resourceBundle" value="tunnels"/>
		<put name="menuItem" value="tunnel"/>
		<put name="infoImage" value="clientNetwork.gif"/>
		<put name="rssFeed" value="editTunnel"/>
	</definition>	
</tiles-definitions>

